Timestamp,Server,CPU Usage,Memory Usage,Disk Usage
2026-03-02 14:20:03.188754,Server A,89,768,58
2026-03-02 14:20:03.217501,Server A,97,2560,84
2026-03-02 14:20:03.289799,Server A,84,1024,16
2026-03-02 14:20:03.301588,Server A,91,2560,57
2026-03-02 14:20:03.312252,Server A,99,2816,25
2026-03-02 14:20:03.326919,Server A,95,3840,94
2026-03-02 14:20:03.335948,Server A,84,1792,3
2026-03-02 14:20:03.352316,Server A,88,768,95
2026-03-02 14:20:03.356576,Server A,93,512,95
2026-03-02 14:20:03.379037,Server A,83,2304,4
2026-03-02 14:20:03.397041,Server A,85,2816,6
2026-03-02 14:20:03.406973,Server A,90,4096,64
2026-03-02 14:20:03.483458,Server A,84,3584,36
2026-03-02 14:20:03.498864,Server A,90,1280,82
2026-03-02 14:20:03.510370,Server A,88,2560,7
2026-03-02 14:20:03.512009,Server A,88,1280,19
2026-03-02 14:20:03.518730,Server A,95,3328,51
2026-03-02 14:20:03.613339,Server A,82,1024,51
2026-03-02 14:20:03.670776,Server A,100,3072,75
2026-03-02 14:20:03.674966,Server A,96,2304,9
2026-03-02 14:20:03.712074,Server A,99,1024,21
2026-03-02 14:20:03.779435,Server A,89,2816,46
2026-03-02 14:20:03.791956,Server A,85,3328,80
2026-03-02 14:20:03.853371,Server A,84,3072,58
2026-03-02 14:20:03.872170,Server A,100,4096,38
2026-03-02 14:20:03.913622,Server A,95,2816,35
2026-03-02 14:20:03.932579,Server A,85,3840,55
2026-03-02 14:20:03.960700,Server A,100,3584,3
2026-03-02 14:20:03.968913,Server A,96,1024,78
2026-03-02 14:20:03.994638,Server A,87,3584,66
2026-03-02 14:20:04.018934,Server A,87,3072,84
2026-03-02 14:20:04.054619,Server A,90,2816,21
2026-03-02 14:20:04.074704,Server A,85,3072,32
2026-03-02 14:20:04.108749,Server A,97,1024,45
2026-03-02 14:20:04.112745,Server A,89,3840,36
2026-03-02 14:20:04.211516,Server A,91,2048,80
2026-03-02 14:20:04.223867,Server A,93,1792,37
2026-03-02 14:20:04.239352,Server A,81,3072,71
2026-03-02 14:20:04.242509,Server A,83,3328,77
2026-03-02 14:20:04.252326,Server A,96,1792,81
2026-03-02 14:20:04.257214,Server A,94,3072,93
2026-03-02 14:20:04.276378,Server A,99,2816,68
2026-03-02 14:20:04.325115,Server A,96,2816,82
2026-03-02 14:20:04.353781,Server A,92,2304,43
2026-03-02 14:20:04.358590,Server A,84,4096,27
2026-03-02 14:20:04.361791,Server A,100,2560,53
2026-03-02 14:20:04.440264,Server A,98,3328,21
2026-03-02 14:20:04.458217,Server A,99,3584,28
2026-03-02 14:20:04.480698,Server A,85,768,54
2026-03-02 14:20:04.490347,Server A,81,2816,17
2026-03-02 14:20:04.493538,Server A,87,3072,69
2026-03-02 14:20:04.512914,Server A,99,2048,55
2026-03-02 14:20:04.522484,Server A,91,2560,58
2026-03-02 14:20:04.527219,Server A,100,2304,18
2026-03-02 14:20:04.538444,Server A,85,2560,83
2026-03-02 14:20:04.546419,Server A,91,768,31
2026-03-02 14:20:04.593663,Server A,100,512,39
2026-03-02 14:20:04.602801,Server A,83,1536,3
2026-03-02 14:20:04.621252,Server A,100,1280,37
2026-03-02 14:20:04.625258,Server A,84,512,57
2026-03-02 14:20:04.684788,Server A,98,768,6
2026-03-02 14:20:04.697740,Server A,98,2560,80
2026-03-02 14:20:04.700851,Server A,98,1536,3
2026-03-02 14:20:04.704102,Server A,92,4096,67
2026-03-02 14:20:04.709509,Server A,82,4096,23
2026-03-02 14:20:04.757672,Server A,93,3328,42
2026-03-02 14:20:04.826059,Server A,91,3072,97
2026-03-02 14:20:04.880944,Server A,86,512,55
2026-03-02 14:20:04.886171,Server A,92,1536,47
2026-03-02 14:20:04.905401,Server A,100,1024,80
2026-03-02 14:20:04.906689,Server A,98,1792,14
2026-03-02 14:20:04.908835,Server A,88,3072,40
2026-03-02 14:20:04.935339,Server A,88,1792,69
2026-03-02 14:20:04.981975,Server A,92,1024,26
2026-03-02 14:20:05.000442,Server A,90,3072,88
2026-03-02 14:20:05.010470,Server A,96,1792,2
2026-03-02 14:20:05.024524,Server A,91,3840,12
2026-03-02 14:20:05.068133,Server A,97,2816,42
2026-03-02 14:20:05.147099,Server A,91,1024,86
2026-03-02 14:20:05.171164,Server A,88,2816,32
2026-03-02 14:20:05.208198,Server A,95,768,43
2026-03-02 14:20:05.230094,Server A,98,1024,83
2026-03-02 14:20:05.248894,Server A,86,1536,20
2026-03-02 14:20:05.327657,Server A,100,512,62
2026-03-02 14:20:05.349388,Server A,98,1536,20
2026-03-02 14:20:05.351021,Server A,97,3584,75
2026-03-02 14:20:05.357584,Server A,99,768,87
2026-03-02 14:20:05.391669,Server A,91,3584,2
2026-03-02 14:20:05.402873,Server A,100,2816,37
2026-03-02 14:20:05.547084,Server A,86,2816,11
2026-03-02 14:20:05.552503,Server A,92,3328,16
2026-03-02 14:20:05.602711,Server A,93,2048,13
2026-03-02 14:20:05.631375,Server A,85,3840,33
2026-03-02 14:20:05.635501,Server A,93,3584,45
2026-03-02 14:20:05.677932,Server A,98,2048,82
2026-03-02 14:20:05.683468,Server A,93,1536,94
2026-03-02 14:20:05.699075,Server A,93,1024,62
2026-03-02 14:20:05.727531,Server A,98,2816,75
2026-03-02 14:20:05.729172,Server A,94,3584,27
2026-03-02 14:20:05.732981,Server A,98,4096,55
2026-03-02 14:20:05.819248,Server A,84,3072,2
2026-03-02 14:20:05.829246,Server A,90,3072,34
2026-03-02 14:20:05.848922,Server A,91,3328,45
2026-03-02 14:20:05.874620,Server A,88,1280,91
2026-03-02 14:20:05.917625,Server A,85,3584,26
2026-03-02 14:20:05.919710,Server A,89,2816,68
2026-03-02 14:20:05.923903,Server A,84,2304,91
2026-03-02 14:20:05.995704,Server A,99,2048,58
2026-03-02 14:20:06.020597,Server A,97,3840,66
2026-03-02 14:20:06.056469,Server A,98,2304,26
2026-03-02 14:20:06.078824,Server A,86,2048,7
2026-03-02 14:20:06.105929,Server A,89,1024,14
2026-03-02 14:20:06.133643,Server A,83,2560,25
2026-03-02 14:20:06.141467,Server A,98,768,60
2026-03-02 14:20:06.152038,Server A,92,3072,10
2026-03-02 14:20:06.206562,Server A,98,768,60
2026-03-02 14:20:06.228374,Server A,96,2048,52
2026-03-02 14:20:06.238877,Server A,87,768,62
2026-03-02 14:20:06.255538,Server A,85,3584,44
2026-03-02 14:20:06.261569,Server A,99,1536,4
2026-03-02 14:20:06.271676,Server A,99,2048,9
2026-03-02 14:20:06.301352,Server A,95,768,54
2026-03-02 14:20:06.358392,Server A,93,3328,2
2026-03-02 14:20:06.370150,Server A,89,3328,52
2026-03-02 14:20:06.373413,Server A,93,3328,92
2026-03-02 14:20:06.394024,Server A,84,1280,52
2026-03-02 14:20:06.423017,Server A,89,3584,18
2026-03-02 14:20:06.426305,Server A,83,3328,18
2026-03-02 14:20:06.441193,Server A,92,3584,24
2026-03-02 14:20:06.461086,Server A,82,2560,91
2026-03-02 14:20:06.485579,Server A,85,768,94
2026-03-02 14:20:06.506005,Server A,86,1280,90
2026-03-02 14:20:06.510127,Server A,85,512,77
2026-03-02 14:20:06.538208,Server A,100,512,80
2026-03-02 14:20:06.542209,Server A,99,1280,58
2026-03-02 14:20:06.593894,Server A,85,1536,57
2026-03-02 14:20:06.614369,Server A,90,1280,73
2026-03-02 14:20:06.636457,Server A,90,4096,30
2026-03-02 14:20:06.663685,Server A,98,3840,83
2026-03-02 14:20:06.708365,Server A,87,1792,40
2026-03-02 14:20:06.745124,Server A,84,2816,75
2026-03-02 14:20:06.755558,Server A,98,2816,22
2026-03-02 14:20:06.767651,Server A,89,2560,4
2026-03-02 14:20:06.787975,Server A,92,2560,18
2026-03-02 14:20:06.801855,Server A,83,1024,18
2026-03-02 14:20:06.813666,Server A,87,4096,88
2026-03-02 14:20:06.817147,Server A,93,3840,29
2026-03-02 14:20:06.858063,Server A,94,1280,99
2026-03-02 14:20:06.884052,Server A,91,3584,38
2026-03-02 14:20:06.974896,Server A,90,2048,40
2026-03-02 14:20:06.997326,Server A,82,3072,45
2026-03-02 14:20:07.022407,Server A,99,1024,87
2026-03-02 14:20:07.096144,Server A,95,2304,52
2026-03-02 14:20:07.125536,Server A,97,1024,43
2026-03-02 14:20:07.136757,Server A,91,2304,40
2026-03-02 14:20:07.193725,Server A,96,2560,57
2026-03-02 14:20:07.218438,Server A,88,2048,64
2026-03-02 14:20:07.246379,Server A,82,512,14
2026-03-02 14:20:07.280673,Server A,96,2816,11
2026-03-02 14:20:07.285772,Server A,85,1280,77
2026-03-02 14:20:07.298595,Server A,84,2560,32
2026-03-02 14:20:07.393053,Server A,82,768,64
2026-03-02 14:20:07.395159,Server A,92,1024,26
2026-03-02 14:20:07.438695,Server A,82,4096,20
2026-03-02 14:20:07.495480,Server A,98,1280,3
2026-03-02 14:20:07.506677,Server A,92,2816,28
2026-03-02 14:20:07.538051,Server A,89,1280,54
2026-03-02 14:20:07.543089,Server A,94,768,15
2026-03-02 14:20:07.651360,Server A,93,1024,32
2026-03-02 14:20:07.654641,Server A,92,3584,13
2026-03-02 14:20:07.664741,Server A,85,3072,24
2026-03-02 14:20:07.729472,Server A,91,512,40
2026-03-02 14:20:07.826628,Server A,91,4096,56
2026-03-02 14:20:07.835609,Server A,89,2560,2
2026-03-02 14:20:07.892404,Server A,91,1024,16
2026-03-02 14:20:07.895990,Server A,86,3584,31
2026-03-02 14:20:07.900060,Server A,99,3840,68
2026-03-02 14:20:07.968976,Server A,84,3584,38
2026-03-02 14:20:07.999887,Server A,92,2560,64
2026-03-02 14:20:08.068675,Server A,92,3840,27
2026-03-02 14:20:08.104263,Server A,87,2048,25
2026-03-02 14:20:08.157838,Server A,97,768,22
2026-03-02 14:20:08.180088,Server A,86,2560,75
2026-03-02 14:20:08.181726,Server A,96,2560,9
2026-03-02 14:20:08.186848,Server A,98,2304,42
2026-03-02 14:20:08.224838,Server A,86,2816,10
2026-03-02 14:20:08.228872,Server A,96,2304,68
2026-03-02 14:20:08.294078,Server A,100,2816,56
2026-03-02 14:20:08.304224,Server A,88,1280,77
2026-03-02 14:20:08.315935,Server A,81,2304,99
2026-03-02 14:20:08.349513,Server A,91,1536,0
2026-03-02 14:20:08.385947,Server A,83,3840,35
2026-03-02 14:20:08.444567,Server A,89,2048,21
2026-03-02 14:20:08.446142,Server A,99,4096,54
2026-03-02 14:20:08.455721,Server A,92,1024,82
2026-03-02 14:20:08.484237,Server A,87,1280,74
2026-03-02 14:20:08.530368,Server A,84,1024,76
2026-03-02 14:20:08.533598,Server A,99,1024,14
2026-03-02 14:20:08.536777,Server A,96,2048,79
2026-03-02 14:20:08.577362,Server A,81,2048,8
2026-03-02 14:20:08.594350,Server A,86,3584,14
2026-03-02 14:20:08.645887,Server A,100,2048,47
2026-03-02 14:20:08.661827,Server A,84,2304,91
2026-03-02 14:20:08.665423,Server A,92,768,54
2026-03-02 14:20:08.745431,Server A,92,2816,39
2026-03-02 14:20:08.783393,Server A,94,2560,82
2026-03-02 14:20:08.817037,Server A,82,512,23
2026-03-02 14:20:08.839217,Server A,95,2048,22
2026-03-02 14:20:08.844130,Server A,87,3840,79
2026-03-02 14:20:08.850820,Server A,87,1536,39
2026-03-02 14:20:08.864029,Server A,96,3072,36
2026-03-02 14:20:08.881128,Server A,81,3328,56
2026-03-02 14:20:08.932433,Server A,100,3584,75
2026-03-02 14:20:08.939840,Server A,92,3584,38
2026-03-02 14:20:08.949844,Server A,89,1792,77
2026-03-02 14:20:08.998217,Server A,100,3072,5
2026-03-02 14:20:09.071711,Server A,83,3840,3
2026-03-02 14:20:09.099546,Server A,94,2560,98
2026-03-02 14:20:09.104462,Server A,100,768,69
2026-03-02 14:20:09.170717,Server A,88,512,35
2026-03-02 14:20:09.180708,Server A,85,3328,11
2026-03-02 14:20:09.207756,Server A,96,768,42
2026-03-02 14:20:09.239131,Server A,83,2304,100
2026-03-02 14:20:09.290697,Server A,87,1792,14
2026-03-02 14:20:09.313589,Server A,95,2560,86
2026-03-02 14:20:09.335659,Server A,97,2560,47
2026-03-02 14:20:09.370088,Server A,92,3072,24
2026-03-02 14:20:09.373012,Server A,92,2560,70
2026-03-02 14:20:09.397871,Server A,91,4096,60
2026-03-02 14:20:09.401145,Server A,84,1280,25
2026-03-02 14:20:09.424622,Server A,84,3328,39
2026-03-02 14:20:09.429543,Server A,100,512,5
2026-03-02 14:20:09.541393,Server A,97,512,84
2026-03-02 14:20:09.581841,Server A,96,1792,98
2026-03-02 14:20:09.628412,Server A,97,4096,77
2026-03-02 14:20:09.638419,Server A,99,1792,95
2026-03-02 14:20:09.647523,Server A,92,512,21
2026-03-02 14:20:09.657070,Server A,100,3072,0
2026-03-02 14:20:09.661943,Server A,95,3840,17
2026-03-02 14:20:09.670954,Server A,96,3328,7
2026-03-02 14:20:09.679632,Server A,86,1792,92
2026-03-02 14:20:09.689664,Server A,87,512,89
2026-03-02 14:20:09.705223,Server A,81,4096,76
2026-03-02 14:20:09.725130,Server A,96,768,13
2026-03-02 14:20:09.737859,Server A,96,2048,32
2026-03-02 14:20:09.744675,Server A,97,2816,88
2026-03-02 14:20:09.753046,Server A,96,512,45
2026-03-02 14:20:09.765535,Server A,84,1536,52
2026-03-02 14:20:09.776245,Server A,100,2048,32
2026-03-02 14:20:09.788009,Server A,95,3584,52
2026-03-02 14:20:09.824585,Server A,83,512,54
2026-03-02 14:20:09.838540,Server A,88,3584,85
2026-03-02 14:20:09.860121,Server A,93,2560,18
2026-03-02 14:20:09.866829,Server A,84,3840,80
2026-03-02 14:20:09.883545,Server A,93,1792,12
2026-03-02 14:20:09.999189,Server A,97,2560,60
2026-03-02 14:20:10.052036,Server A,93,3840,87
2026-03-02 14:20:10.067276,Server A,86,2816,6
2026-03-02 14:20:10.080078,Server A,88,2304,52
2026-03-02 14:20:10.172270,Server A,100,4096,100
2026-03-02 14:20:10.192172,Server A,92,3584,71
2026-03-02 14:20:10.307809,Server A,99,2816,38
2026-03-02 14:20:10.328702,Server A,81,2048,76
2026-03-02 14:20:10.346464,Server A,98,1024,65
2026-03-02 14:20:10.354403,Server A,87,3072,98
2026-03-02 14:20:10.368649,Server A,89,2560,96
2026-03-02 14:20:10.387762,Server A,84,1280,67
2026-03-02 14:20:10.406726,Server A,97,3328,84
2026-03-02 14:20:10.413162,Server A,93,2560,22
2026-03-02 14:20:10.441449,Server A,93,2048,85
2026-03-02 14:20:10.461805,Server A,98,1792,82
2026-03-02 14:20:10.471080,Server A,88,1536,26
2026-03-02 14:20:10.491417,Server A,81,3072,100
2026-03-02 14:20:10.499186,Server A,86,3584,65
2026-03-02 14:20:10.518658,Server A,82,512,49
2026-03-02 14:20:10.529776,Server A,96,2304,42
2026-03-02 14:20:10.539172,Server A,97,2048,23
2026-03-02 14:20:10.542275,Server A,92,1792,54
2026-03-02 14:20:10.634898,Server A,100,3584,69
2026-03-02 14:20:10.710239,Server A,95,2560,22
2026-03-02 14:20:10.743840,Server A,83,1280,93
2026-03-02 14:20:10.753535,Server A,97,768,53
2026-03-02 14:20:10.758145,Server A,96,1280,28
2026-03-02 14:20:10.777653,Server A,84,2560,30
2026-03-02 14:20:10.790011,Server A,89,1536,35
2026-03-02 14:20:10.828245,Server A,92,2304,54
2026-03-02 14:20:10.839983,Server A,91,3072,44
2026-03-02 14:20:10.842071,Server A,81,2816,87
2026-03-02 14:20:10.852575,Server A,81,1280,99
2026-03-02 14:20:10.994153,Server A,98,2560,0
2026-03-02 14:20:11.066093,Server A,95,4096,90
2026-03-02 14:20:11.123940,Server A,90,512,61
2026-03-02 14:20:11.170402,Server A,90,2816,82
2026-03-02 14:20:11.218710,Server A,83,768,21
2026-03-02 14:20:11.233578,Server A,85,1024,61
2026-03-02 14:20:11.253212,Server A,100,4096,52
2026-03-02 14:20:11.298561,Server A,84,3584,47
2026-03-02 14:20:11.323741,Server A,81,3840,40
2026-03-02 14:20:11.325745,Server A,88,2560,4
2026-03-02 14:20:11.339850,Server A,92,512,40
2026-03-02 14:20:11.388289,Server A,96,4096,47
2026-03-02 14:20:11.401032,Server A,84,3584,72
2026-03-02 14:20:11.420708,Server A,95,2560,98
2026-03-02 14:20:11.525976,Server A,81,1536,44
2026-03-02 14:20:11.552321,Server A,95,512,0
2026-03-02 14:20:11.601291,Server A,95,2816,46
2026-03-02 14:20:11.613674,Server A,92,3584,52
2026-03-02 14:20:11.640479,Server A,87,1024,4
2026-03-02 14:20:11.649183,Server A,93,4096,70
2026-03-02 14:20:11.665857,Server A,96,3584,35
2026-03-02 14:20:11.680104,Server A,96,3072,19
2026-03-02 14:20:11.704782,Server A,92,3328,25
2026-03-02 14:20:11.708060,Server A,84,3328,78
2026-03-02 14:20:11.724266,Server A,86,3328,63
2026-03-02 14:20:11.729370,Server A,88,3328,61
2026-03-02 14:20:11.734172,Server A,88,3584,36
2026-03-02 14:20:11.791873,Server A,99,768,62
2026-03-02 14:20:11.835302,Server A,85,3328,57
2026-03-02 14:20:11.840084,Server A,85,1280,47
2026-03-02 14:20:11.852792,Server A,100,2048,30
2026-03-02 14:20:11.862245,Server A,95,3328,95
2026-03-02 14:20:11.884585,Server A,95,512,97
2026-03-02 14:20:11.887822,Server A,95,512,100
2026-03-02 14:20:11.921091,Server A,86,2304,45
2026-03-02 14:20:11.967737,Server A,94,1536,57
2026-03-02 14:20:11.982266,Server A,100,3328,52
2026-03-02 14:20:11.985824,Server A,100,2560,75
2026-03-02 14:20:12.020852,Server A,82,1024,35
2026-03-02 14:20:12.033107,Server A,82,2560,29
2026-03-02 14:20:12.040593,Server A,89,768,56
2026-03-02 14:20:12.051045,Server A,100,2304,21
2026-03-02 14:20:12.063197,Server A,88,3072,40
2026-03-02 14:20:12.079688,Server A,82,3328,15
2026-03-02 14:20:12.094821,Server A,82,2560,60
2026-03-02 14:20:12.098092,Server A,99,1792,30
2026-03-02 14:20:12.099915,Server A,97,2048,88
2026-03-02 14:20:12.158064,Server A,96,2048,37
2026-03-02 14:20:12.186032,Server A,93,3584,25
2026-03-02 14:20:12.280827,Server A,99,3328,35
2026-03-02 14:20:12.289074,Server A,86,1536,29
2026-03-02 14:20:12.293248,Server A,88,4096,19
2026-03-02 14:20:12.319022,Server A,86,3840,53
2026-03-02 14:20:12.368774,Server A,82,3584,36
2026-03-02 14:20:12.387050,Server A,82,768,12
2026-03-02 14:20:12.436828,Server A,89,1280,21
2026-03-02 14:20:12.453947,Server A,98,512,58
2026-03-02 14:20:12.482205,Server A,90,2048,27
2026-03-02 14:20:12.493922,Server A,98,4096,91
2026-03-02 14:20:12.516546,Server A,92,1024,43
2026-03-02 14:20:12.521694,Server A,89,3840,63
2026-03-02 14:20:12.535049,Server A,89,1536,96
2026-03-02 14:20:12.568000,Server A,100,3840,36
2026-03-02 14:20:12.585771,Server A,83,1792,100
2026-03-02 14:20:12.623736,Server A,89,512,36
2026-03-02 14:20:12.631886,Server A,94,1536,65
2026-03-02 14:20:12.673929,Server A,94,768,53
2026-03-02 14:20:12.697285,Server A,81,2048,1
2026-03-02 14:20:12.725389,Server A,83,3072,14
2026-03-02 14:20:12.744234,Server A,99,768,95
2026-03-02 14:20:12.794298,Server A,94,1024,16
2026-03-02 14:20:12.803842,Server A,83,1792,72
2026-03-02 14:20:12.888905,Server A,90,3072,43
2026-03-02 14:20:12.897002,Server A,83,2048,74
2026-03-02 14:20:12.911634,Server A,92,1280,5
2026-03-02 14:20:12.932109,Server A,98,1024,71
2026-03-02 14:20:12.941012,Server A,85,3584,45
2026-03-02 14:20:12.954035,Server A,85,768,98
2026-03-02 14:20:12.983003,Server A,88,3328,57
2026-03-02 14:20:13.046313,Server A,84,768,63
2026-03-02 14:20:13.049574,Server A,81,2560,76
2026-03-02 14:20:13.056654,Server A,90,768,46
2026-03-02 14:20:13.065204,Server A,90,3584,53
2026-03-02 14:20:13.074144,Server A,87,2560,44
2026-03-02 14:20:13.075801,Server A,91,2304,68
2026-03-02 14:20:13.123666,Server A,96,1792,26
2026-03-02 14:20:13.146257,Server A,99,2560,56
2026-03-02 14:20:13.175150,Server A,88,2304,83
2026-03-02 14:20:13.187522,Server A,100,512,50
2026-03-02 14:20:13.189162,Server A,88,4096,25
2026-03-02 14:20:13.194065,Server A,100,768,40
2026-03-02 14:20:13.200569,Server A,96,768,63
2026-03-02 14:20:13.234098,Server A,93,4096,30
2026-03-02 14:20:13.268324,Server A,94,3584,27
2026-03-02 14:20:13.271907,Server A,97,3840,4
2026-03-02 14:20:13.286846,Server A,81,768,29
2026-03-02 14:20:13.288476,Server A,90,512,17
2026-03-02 14:20:13.357567,Server A,100,768,100
2026-03-02 14:20:13.367843,Server A,87,512,63
2026-03-02 14:20:13.371981,Server A,97,512,58
2026-03-02 14:20:13.378154,Server A,84,1536,15
2026-03-02 14:20:13.385940,Server A,96,1792,93
2026-03-02 14:20:13.512593,Server A,82,3584,58
2026-03-02 14:20:13.575496,Server A,100,1536,15
2026-03-02 14:20:13.583578,Server A,83,1792,42
2026-03-02 14:20:13.603999,Server A,100,1024,71
2026-03-02 14:20:13.616692,Server A,92,3840,10
2026-03-02 14:20:13.628045,Server A,98,2048,97
2026-03-02 14:20:13.636018,Server A,95,3072,51
2026-03-02 14:20:13.640661,Server A,97,3328,36
2026-03-02 14:20:13.667908,Server A,91,2304,6
2026-03-02 14:20:13.755002,Server A,99,768,4
2026-03-02 14:20:13.762814,Server A,88,1792,82
2026-03-02 14:20:13.764410,Server A,97,768,13
2026-03-02 14:20:13.781849,Server A,84,2560,85
2026-03-02 14:20:13.789873,Server A,97,4096,68
2026-03-02 14:20:13.796257,Server A,90,2048,38
2026-03-02 14:20:13.812342,Server A,98,3840,60
2026-03-02 14:20:13.888315,Server A,98,2304,47
2026-03-02 14:20:13.908001,Server A,88,3072,41
2026-03-02 14:20:13.924622,Server A,81,3840,58
2026-03-02 14:20:13.945617,Server A,100,512,48
2026-03-02 14:20:14.018484,Server A,89,1280,58
2026-03-02 14:20:14.051969,Server A,96,3328,100
2026-03-02 14:20:14.053260,Server A,94,1024,28
2026-03-02 14:20:14.093640,Server A,82,1280,52
2026-03-02 14:20:14.133391,Server A,94,2304,29
2026-03-02 14:20:14.141083,Server A,94,2816,71
2026-03-02 14:20:14.193694,Server A,84,2560,38
2026-03-02 14:20:14.233400,Server A,88,2816,98
2026-03-02 14:20:14.240676,Server A,98,1280,77
2026-03-02 14:20:14.253294,Server A,81,1792,40
2026-03-02 14:20:14.260059,Server A,85,768,56
2026-03-02 14:20:14.268768,Server A,85,768,59
2026-03-02 14:20:14.279033,Server A,84,1536,55
2026-03-02 14:20:14.329700,Server A,94,512,39
2026-03-02 14:20:14.335336,Server A,83,3072,33
2026-03-02 14:20:14.377057,Server A,100,2304,31
2026-03-02 14:20:14.383378,Server A,90,3584,89
2026-03-02 14:20:14.405010,Server A,82,3328,39
2026-03-02 14:20:14.434614,Server A,98,1024,95
2026-03-02 14:20:14.444591,Server A,99,1536,55
2026-03-02 14:20:14.477275,Server A,99,1536,58
2026-03-02 14:20:14.497753,Server A,91,1536,56
2026-03-02 14:20:14.520208,Server A,84,1536,57
2026-03-02 14:20:14.525111,Server A,90,1792,16
2026-03-02 14:20:14.538462,Server A,88,1792,7
2026-03-02 14:20:14.545978,Server A,91,2560,45
2026-03-02 14:20:14.547437,Server A,100,3840,14
2026-03-02 14:20:14.556217,Server A,90,1280,59
2026-03-02 14:20:14.649156,Server A,85,3584,72
2026-03-02 14:20:14.672278,Server A,85,4096,1
2026-03-02 14:20:14.719515,Server A,92,3328,95
2026-03-02 14:20:14.729806,Server A,81,3840,29
2026-03-02 14:20:14.766313,Server A,81,1792,9
2026-03-02 14:20:14.779886,Server A,99,768,99
2026-03-02 14:20:14.821811,Server A,99,2304,97
2026-03-02 14:20:14.830290,Server A,98,2816,45
2026-03-02 14:20:14.863587,Server A,81,1280,42
2026-03-02 14:20:14.997367,Server A,84,768,95
2026-03-02 14:20:15.041572,Server A,93,3840,67
2026-03-02 14:20:15.051314,Server A,100,2304,31
2026-03-02 14:20:15.055576,Server A,89,768,80
2026-03-02 14:20:15.066800,Server A,88,1024,23
2026-03-02 14:20:15.133852,Server A,95,768,64
2026-03-02 14:20:15.191384,Server A,81,3072,86
2026-03-02 14:20:15.226040,Server A,83,1536,96
2026-03-02 14:20:15.277637,Server A,87,1536,90
2026-03-02 14:20:15.281445,Server A,89,2304,99
2026-03-02 14:20:15.316605,Server A,87,3328,28
2026-03-02 14:20:15.401154,Server A,86,3072,98
2026-03-02 14:20:15.413415,Server A,87,1792,25
2026-03-02 14:20:15.436741,Server A,94,512,96
2026-03-02 14:20:15.446837,Server A,82,3072,2
2026-03-02 14:20:15.505082,Server A,86,1792,78
2026-03-02 14:20:15.513964,Server A,83,768,20
2026-03-02 14:20:15.515606,Server A,95,512,33
2026-03-02 14:20:15.518878,Server A,82,4096,7
2026-03-02 14:20:15.637509,Server A,91,1024,32
2026-03-02 14:20:15.712653,Server A,81,1280,20
2026-03-02 14:20:15.724497,Server A,94,768,69
2026-03-02 14:20:15.738383,Server A,81,4096,50
2026-03-02 14:20:15.772339,Server A,92,2304,13
2026-03-02 14:20:15.786193,Server A,90,4096,21
2026-03-02 14:20:15.812860,Server A,97,3840,53
2026-03-02 14:20:15.830798,Server A,83,1024,81
2026-03-02 14:20:15.851082,Server A,99,3840,6
2026-03-02 14:20:15.892979,Server A,94,2304,83
2026-03-02 14:20:15.958365,Server A,93,1536,99
2026-03-02 14:20:15.997553,Server A,82,2048,34
2026-03-02 14:20:16.036143,Server A,88,512,46
2026-03-02 14:20:16.047068,Server A,95,2304,14
2026-03-02 14:20:16.050858,Server A,98,1536,13
2026-03-02 14:20:16.052253,Server A,96,768,43
2026-03-02 14:20:16.054388,Server A,88,1024,14
2026-03-02 14:20:16.086405,Server A,99,4096,41
2026-03-02 14:20:16.140579,Server A,83,512,99
2026-03-02 14:20:16.166594,Server A,83,3840,8
2026-03-02 14:20:16.168224,Server A,100,3840,6
2026-03-02 14:20:16.177995,Server A,97,3840,80
2026-03-02 14:20:16.287130,Server A,95,4096,50
2026-03-02 14:20:16.297530,Server A,88,4096,9
2026-03-02 14:20:16.328272,Server A,83,1280,77
2026-03-02 14:20:16.345938,Server A,96,1024,94
2026-03-02 14:20:16.360988,Server A,91,3584,81
2026-03-02 14:20:16.380271,Server A,81,1024,83
2026-03-02 14:20:16.400986,Server A,81,3072,81
2026-03-02 14:20:16.428422,Server A,97,2304,93
2026-03-02 14:20:16.450858,Server A,93,768,27
2026-03-02 14:20:16.461005,Server A,82,3072,66
2026-03-02 14:20:16.499069,Server A,95,2560,80
2026-03-02 14:20:16.509240,Server A,87,4096,58
2026-03-02 14:20:16.512430,Server A,85,1536,10
2026-03-02 14:20:16.608562,Server A,93,3584,77
2026-03-02 14:20:16.628041,Server A,90,1280,62
2026-03-02 14:20:16.656675,Server A,100,768,59
2026-03-02 14:20:16.677612,Server A,84,768,12
2026-03-02 14:20:16.699270,Server A,87,3328,23
2026-03-02 14:20:16.728525,Server A,84,768,8
2026-03-02 14:20:16.738000,Server A,85,2816,5
2026-03-02 14:20:16.748503,Server A,84,2304,52
2026-03-02 14:20:16.765332,Server A,83,2560,7
2026-03-02 14:20:16.803034,Server A,99,1536,4
2026-03-02 14:20:16.831971,Server A,95,3840,20
2026-03-02 14:20:16.909315,Server A,91,2816,37
2026-03-02 14:20:16.910883,Server A,94,512,59
2026-03-02 14:20:16.955471,Server A,92,1792,57
2026-03-02 14:20:16.982203,Server A,97,1280,60
2026-03-02 14:20:16.983807,Server A,100,3328,63
2026-03-02 14:20:17.052338,Server A,86,3328,2
2026-03-02 14:20:17.072837,Server A,92,3584,82
2026-03-02 14:20:17.077651,Server A,100,3328,7
2026-03-02 14:20:17.128016,Server A,92,3328,61
2026-03-02 14:20:17.153375,Server A,98,1792,1
2026-03-02 14:20:17.159515,Server A,90,1792,54
2026-03-02 14:20:17.281728,Server A,88,768,19
2026-03-02 14:20:17.309171,Server A,94,768,55
2026-03-02 14:20:17.337691,Server A,100,2816,56
2026-03-02 14:20:17.345749,Server A,95,3840,83
2026-03-02 14:20:17.449467,Server A,96,4096,94
2026-03-02 14:20:17.487885,Server A,85,1280,62
2026-03-02 14:20:17.534159,Server A,97,1024,89
2026-03-02 14:20:17.546413,Server A,95,512,3
2026-03-02 14:20:17.562948,Server A,89,2048,51
2026-03-02 14:20:17.582361,Server A,86,3328,81
2026-03-02 14:20:17.588906,Server A,100,1536,17
2026-03-02 14:20:17.611016,Server A,98,3584,88
2026-03-02 14:20:17.624602,Server A,87,2048,32
2026-03-02 14:20:17.628215,Server A,97,3840,55
2026-03-02 14:20:17.647570,Server A,96,3584,68
2026-03-02 14:20:17.694409,Server A,88,2816,84
2026-03-02 14:20:17.711954,Server A,93,768,25
2026-03-02 14:20:17.738663,Server A,81,2816,3
2026-03-02 14:20:17.765232,Server A,87,2048,13
2026-03-02 14:20:17.881273,Server A,92,2304,12
2026-03-02 14:20:17.918450,Server A,96,3328,62
2026-03-02 14:20:17.934786,Server A,85,3584,82
2026-03-02 14:20:17.952657,Server A,81,1024,86
2026-03-02 14:20:17.981448,Server A,84,1536,96
2026-03-02 14:20:17.991539,Server A,91,2816,68
2026-03-02 14:20:18.013389,Server A,96,1280,72
2026-03-02 14:20:18.028073,Server A,96,2816,89
2026-03-02 14:20:18.066007,Server A,88,3328,50
2026-03-02 14:20:18.074272,Server A,86,2048,34
2026-03-02 14:20:18.145085,Server A,86,1280,43
2026-03-02 14:20:18.146721,Server A,83,3328,17
2026-03-02 14:20:18.161433,Server A,97,2304,11
2026-03-02 14:20:18.206044,Server A,90,2048,34
2026-03-02 14:20:18.221683,Server A,86,3584,52
2026-03-02 14:20:18.234724,Server A,96,2048,49
2026-03-02 14:20:18.262774,Server A,91,2816,7
2026-03-02 14:20:18.288229,Server A,85,3072,72
2026-03-02 14:20:18.295039,Server A,100,1536,64
2026-03-02 14:20:18.328308,Server A,83,1280,3
2026-03-02 14:20:18.380363,Server A,100,3840,76
2026-03-02 14:20:18.391293,Server A,94,1280,89
2026-03-02 14:20:18.396735,Server A,97,4096,20
2026-03-02 14:20:18.401848,Server A,90,2816,85
2026-03-02 14:20:18.412175,Server A,88,1024,43
2026-03-02 14:20:18.418934,Server A,99,1792,52
2026-03-02 14:20:18.444278,Server A,87,3840,61
2026-03-02 14:20:18.549930,Server A,89,2048,37
2026-03-02 14:20:18.568772,Server A,88,3840,49
2026-03-02 14:20:18.572033,Server A,83,3328,63
2026-03-02 14:20:18.585882,Server A,95,1280,77
2026-03-02 14:20:18.594941,Server A,91,1024,67
2026-03-02 14:20:18.649238,Server A,96,2048,4
2026-03-02 14:20:18.650867,Server A,97,2560,75
2026-03-02 14:20:18.655538,Server A,91,768,69
2026-03-02 14:20:18.695101,Server A,90,3840,0
2026-03-02 14:20:18.752657,Server A,91,512,12
2026-03-02 14:20:18.761010,Server A,96,4096,35
2026-03-02 14:20:18.795809,Server A,81,2048,100
2026-03-02 14:20:18.831685,Server A,86,2304,28
2026-03-02 14:20:18.843088,Server A,98,3584,45
2026-03-02 14:20:18.851616,Server A,87,3584,17
2026-03-02 14:20:18.859335,Server A,100,2304,12
2026-03-02 14:20:18.885308,Server A,99,2816,55
2026-03-02 14:20:18.905387,Server A,97,2304,15
2026-03-02 14:20:18.920364,Server A,97,1536,53
2026-03-02 14:20:18.945249,Server A,99,2816,15
2026-03-02 14:20:18.980584,Server A,99,3584,36
2026-03-02 14:20:18.992041,Server A,86,1280,68
2026-03-02 14:20:19.004377,Server A,94,512,49
2026-03-02 14:20:19.049403,Server A,85,1024,4
2026-03-02 14:20:19.059120,Server A,82,1280,68
2026-03-02 14:20:19.064983,Server A,94,2048,52
2026-03-02 14:20:19.147138,Server A,99,1792,64
2026-03-02 14:20:19.214311,Server A,98,1280,45
2026-03-02 14:20:19.264422,Server A,86,1792,61
2026-03-02 14:20:19.285666,Server A,83,3072,41
2026-03-02 14:20:19.298692,Server A,92,3840,40
2026-03-02 14:20:19.305507,Server A,94,4096,70
2026-03-02 14:20:19.309743,Server A,95,1536,34
2026-03-02 14:20:19.398848,Server A,83,2816,2
2026-03-02 14:20:19.403380,Server A,94,3072,72
2026-03-02 14:20:19.465160,Server A,93,1792,86
2026-03-02 14:20:19.487344,Server A,99,2816,92
2026-03-02 14:20:19.508306,Server A,94,768,13
2026-03-02 14:20:19.523944,Server A,92,768,62
2026-03-02 14:20:19.525993,Server A,90,1536,90
2026-03-02 14:20:19.562391,Server A,86,2304,85
2026-03-02 14:20:19.616548,Server A,87,1536,99
2026-03-02 14:20:19.676233,Server A,90,1280,90
2026-03-02 14:20:19.693588,Server A,85,4096,9
2026-03-02 14:20:19.714112,Server A,85,1536,14
2026-03-02 14:20:19.730694,Server A,90,2048,14
2026-03-02 14:20:19.762342,Server A,86,4096,79
2026-03-02 14:20:19.768863,Server A,85,1024,6
2026-03-02 14:20:19.776148,Server A,90,2816,70
2026-03-02 14:20:19.796717,Server A,98,1024,11
2026-03-02 14:20:19.852080,Server A,100,512,44
2026-03-02 14:20:19.882419,Server A,82,1792,77
2026-03-02 14:20:19.925437,Server A,97,2560,76
2026-03-02 14:20:19.949250,Server A,92,3584,91
2026-03-02 14:20:20.003136,Server A,87,2816,94
2026-03-02 14:20:20.008426,Server A,82,2304,31
2026-03-02 14:20:20.018653,Server A,95,2048,69
2026-03-02 14:20:20.032637,Server A,96,1792,22
2026-03-02 14:20:20.103572,Server A,97,3072,50
2026-03-02 14:20:20.139149,Server A,98,1280,57
2026-03-02 14:20:20.148014,Server A,83,3072,59
2026-03-02 14:20:20.185270,Server A,91,512,100
2026-03-02 14:20:20.226529,Server A,95,2560,42
2026-03-02 14:20:20.244572,Server A,91,1536,84
2026-03-02 14:20:20.249467,Server A,99,512,28
2026-03-02 14:20:20.270116,Server A,91,1280,97
2026-03-02 14:20:20.274801,Server A,99,4096,9
2026-03-02 14:20:20.282547,Server A,97,1536,47
2026-03-02 14:20:20.289011,Server A,93,1024,26
2026-03-02 14:20:20.298538,Server A,97,2816,66
2026-03-02 14:20:20.331892,Server A,92,768,26
2026-03-02 14:20:20.338314,Server A,82,1536,83
2026-03-02 14:20:20.341477,Server A,83,3328,85
2026-03-02 14:20:20.349487,Server A,90,4096,38
2026-03-02 14:20:20.357362,Server A,82,2304,37
2026-03-02 14:20:20.362219,Server A,91,3584,1
2026-03-02 14:20:20.367103,Server A,90,1280,23
2026-03-02 14:20:20.373326,Server A,81,3584,78
2026-03-02 14:20:20.387434,Server A,92,1792,76
2026-03-02 14:20:20.411523,Server A,92,3840,21
2026-03-02 14:20:20.424099,Server A,87,3328,13
2026-03-02 14:20:20.438372,Server A,96,3584,70
2026-03-02 14:20:20.462129,Server A,88,1280,16
2026-03-02 14:20:20.466138,Server A,98,3072,19
2026-03-02 14:20:20.491202,Server A,100,1792,55
2026-03-02 14:20:20.511751,Server A,84,1024,59
2026-03-02 14:20:20.523791,Server A,81,3840,23
2026-03-02 14:20:20.613857,Server A,98,2048,4
2026-03-02 14:20:20.615491,Server A,82,2560,30
2026-03-02 14:20:20.623971,Server A,87,1536,13
2026-03-02 14:20:20.656543,Server A,89,2560,78
2026-03-02 14:20:20.677321,Server A,97,768,55
2026-03-02 14:20:20.684188,Server A,93,1280,71
2026-03-02 14:20:20.692351,Server A,92,3072,49
2026-03-02 14:20:20.702333,Server A,88,2304,3
2026-03-02 14:20:20.715516,Server A,92,4096,31
2026-03-02 14:20:20.732062,Server A,82,768,99
2026-03-02 14:20:20.741986,Server A,97,512,77
2026-03-02 14:20:20.748243,Server A,88,4096,36
2026-03-02 14:20:20.761523,Server A,95,1280,15
2026-03-02 14:20:20.787073,Server A,100,3072,66
2026-03-02 14:20:20.810405,Server A,86,3328,46
2026-03-02 14:20:20.829279,Server A,81,1024,45
2026-03-02 14:20:20.835918,Server A,90,2816,26
2026-03-02 14:20:20.856775,Server A,93,1024,47
